[
  {
    "code": "+1876",
    "country": "JM",
    "name": "Jamaica",
    "mask": "999-9999"
  },
  {
    "code": "+1869",
    "country": "KN",
    "name": "Saint Kitts & Nevis",
    "mask": "999-9999"
  },
  {
    "code": "+1868",
    "country": "TT",
    "name": "Trinidad & Tobago",
    "mask": "999-9999"
  },
  {
    "code": "+1784",
    "country": "VC",
    "name": "Saint Vincent & the Grenadines",
    "mask": "999-9999"
  },
  {
    "code": "+1767",
    "country": "DM",
    "name": "Dominica",
    "mask": "999-9999"
  },
  {
    "code": "+1758",
    "country": "LC",
    "name": "Saint Lucia",
    "mask": "999-9999"
  },
  {
    "code": "+1721",
    "country": "SX",
    "name": "Sint Maarten",
    "mask": "999-9999"
  },
  {
    "code": "+1684",
    "country": "AS",
    "name": "American Samoa",
    "mask": "999-9999"
  },
  {
    "code": "+1671",
    "country": "GU",
    "name": "Guam",
    "mask": "999-9999"
  },
  {
    "code": "+1670",
    "country": "MP",
    "name": "Northern Mariana Islands",
    "mask": "999-9999"
  },
  {
    "code": "+1664",
    "country": "MS",
    "name": "Montserrat",
    "mask": "999-9999"
  },
  {
    "code": "+1649",
    "country": "TC",
    "name": "Turks & Caicos Islands",
    "mask": "999-9999"
  },
  {
    "code": "+1473",
    "country": "GD",
    "name": "Grenada",
    "mask": "999-9999"
  },
  {
    "code": "+1441",
    "country": "BM",
    "name": "Bermuda",
    "mask": "999-9999"
  },
  {
    "code": "+1345",
    "country": "KY",
    "name": "Cayman Islands",
    "mask": "999-9999"
  },
  {
    "code": "+1340",
    "country": "VI",
    "name": "US Virgin Islands",
    "mask": "999-9999"
  },
  {
    "code": "+1284",
    "country": "VG",
    "name": "British Virgin Islands",
    "mask": "999-9999"
  },
  {
    "code": "+1268",
    "country": "AG",
    "name": "Antigua & Barbuda",
    "mask": "999-9999"
  },
  {
    "code": "+1264",
    "country": "AI",
    "name": "Anguilla",
    "mask": "999-9999"
  },
  {
    "code": "+1246",
    "country": "BB",
    "name": "Barbados",
    "mask": "999-9999"
  },
  {
    "code": "+1242",
    "country": "BS",
    "name": "Bahamas",
    "mask": "999-9999"
  },
  {
    "code": "+998",
    "country": "UZ",
    "name": "Uzbekistan",
    "mask": "99-9999999"
  },
  {
    "code": "+996",
    "country": "KG",
    "name": "Kyrgyzstan",
    "mask": "999-999999"
  },
  {
    "code": "+995",
    "country": "GE",
    "name": "Georgia",
    "mask": "999-999-999"
  },
  {
    "code": "+994",
    "country": "AZ",
    "name": "Azerbaijan",
    "mask": "99-999-9999"
  },
  {
    "code": "+993",
    "country": "TM",
    "name": "Turkmenistan",
    "mask": "99-999999"
  },
  {
    "code": "+992",
    "country": "TJ",
    "name": "Tajikistan",
    "mask": "99-999-9999"
  },
  {
    "code": "+977",
    "country": "NP",
    "name": "Nepal",
    "mask": "99-9999-9999"
  },
  {
    "code": "+976",
    "country": "MN",
    "name": "Mongolia",
    "mask": "99-99-9999"
  },
  {
    "code": "+975",
    "country": "BT",
    "name": "Bhutan",
    "mask": "99-999-999"
  },
  {
    "code": "+974",
    "country": "QA",
    "name": "Qatar",
    "mask": "99-999-999"
  },
  {
    "code": "+973",
    "country": "BH",
    "name": "Bahrain",
    "mask": "9999-9999"
  },
  {
    "code": "+972",
    "country": "IL",
    "name": "Israel",
    "mask": "99-999-9999"
  },
  {
    "code": "+971",
    "country": "AE",
    "name": "United Arab Emirates",
    "mask": "99-999-9999"
  },
  {
    "code": "+970",
    "country": "PS",
    "name": "Palestine",
    "mask": "999-99-9999"
  },
  {
    "code": "+968",
    "country": "OM",
    "name": "Oman",
    "mask": "9999-9999"
  },
  {
    "code": "+967",
    "country": "YE",
    "name": "Yemen",
    "mask": "999-999-999"
  },
  {
    "code": "+966",
    "country": "SA",
    "name": "Saudi Arabia",
    "mask": "99-999-9999"
  },
  {
    "code": "+965",
    "country": "KW",
    "name": "Kuwait",
    "mask": "9999-9999"
  },
  {
    "code": "+964",
    "country": "IQ",
    "name": "Iraq",
    "mask": "999-999-9999"
  },
  {
    "code": "+963",
    "country": "SY",
    "name": "Syria",
    "mask": "999-999-999"
  },
  {
    "code": "+962",
    "country": "JO",
    "name": "Jordan",
    "mask": "9-9999-9999"
  },
  {
    "code": "+961",
    "country": "LB",
    "name": "Lebanon",
    "mask": null
  },
  {
    "code": "+960",
    "country": "MV",
    "name": "Maldives",
    "mask": "999-9999"
  },
  {
    "code": "+886",
    "country": "TW",
    "name": "Taiwan",
    "mask": "999-999-999"
  },
  {
    "code": "+880",
    "country": "BD",
    "name": "Bangladesh",
    "mask": null
  },
  {
    "code": "+856",
    "country": "LA",
    "name": "Laos",
    "mask": "99-99-999-999"
  },
  {
    "code": "+855",
    "country": "KH",
    "name": "Cambodia",
    "mask": null
  },
  {
    "code": "+853",
    "country": "MO",
    "name": "Macau",
    "mask": "9999-9999"
  },
  {
    "code": "+852",
    "country": "HK",
    "name": "Hong Kong",
    "mask": "9-999-9999"
  },
  {
    "code": "+850",
    "country": "KP",
    "name": "North Korea",
    "mask": null
  },
  {
    "code": "+692",
    "country": "MH",
    "name": "Marshall Islands",
    "mask": null
  },
  {
    "code": "+691",
    "country": "FM",
    "name": "Micronesia",
    "mask": null
  },
  {
    "code": "+690",
    "country": "TK",
    "name": "Tokelau",
    "mask": null
  },
  {
    "code": "+689",
    "country": "PF",
    "name": "French Polynesia",
    "mask": null
  },
  {
    "code": "+688",
    "country": "TV",
    "name": "Tuvalu",
    "mask": null
  },
  {
    "code": "+687",
    "country": "NC",
    "name": "New Caledonia",
    "mask": null
  },
  {
    "code": "+686",
    "country": "KI",
    "name": "Kiribati",
    "mask": null
  },
  {
    "code": "+685",
    "country": "WS",
    "name": "Samoa",
    "mask": null
  },
  {
    "code": "+683",
    "country": "NU",
    "name": "Niue",
    "mask": null
  },
  {
    "code": "+682",
    "country": "CK",
    "name": "Cook Islands",
    "mask": null
  },
  {
    "code": "+681",
    "country": "WF",
    "name": "Wallis & Futuna",
    "mask": null
  },
  {
    "code": "+680",
    "country": "PW",
    "name": "Palau",
    "mask": null
  },
  {
    "code": "+679",
    "country": "FJ",
    "name": "Fiji",
    "mask": null
  },
  {
    "code": "+678",
    "country": "VU",
    "name": "Vanuatu",
    "mask": null
  },
  {
    "code": "+677",
    "country": "SB",
    "name": "Solomon Islands",
    "mask": null
  },
  {
    "code": "+676",
    "country": "TO",
    "name": "Tonga",
    "mask": null
  },
  {
    "code": "+675",
    "country": "PG",
    "name": "Papua New Guinea",
    "mask": null
  },
  {
    "code": "+674",
    "country": "NR",
    "name": "Nauru",
    "mask": null
  },
  {
    "code": "+673",
    "country": "BN",
    "name": "Brunei Darussalam",
    "mask": "999-9999"
  },
  {
    "code": "+672",
    "country": "NF",
    "name": "Norfolk Island",
    "mask": null
  },
  {
    "code": "+670",
    "country": "TL",
    "name": "Timor-Leste",
    "mask": null
  },
  {
    "code": "+599",
    "country": "BQ",
    "name": "Bonaire, Sint Eustatius & Saba",
    "mask": null
  },
  {
    "code": "+599",
    "country": "CW",
    "name": "Curaçao",
    "mask": null
  },
  {
    "code": "+598",
    "country": "UY",
    "name": "Uruguay",
    "mask": "9-999-9999"
  },
  {
    "code": "+597",
    "country": "SR",
    "name": "Suriname",
    "mask": "999-9999"
  },
  {
    "code": "+596",
    "country": "MQ",
    "name": "Martinique",
    "mask": null
  },
  {
    "code": "+595",
    "country": "PY",
    "name": "Paraguay",
    "mask": "999-999-999"
  },
  {
    "code": "+594",
    "country": "GF",
    "name": "French Guiana",
    "mask": null
  },
  {
    "code": "+593",
    "country": "EC",
    "name": "Ecuador",
    "mask": "99-999-9999"
  },
  {
    "code": "+592",
    "country": "GY",
    "name": "Guyana",
    "mask": null
  },
  {
    "code": "+591",
    "country": "BO",
    "name": "Bolivia",
    "mask": "9-999-9999"
  },
  {
    "code": "+590",
    "country": "GP",
    "name": "Guadeloupe",
    "mask": "999-99-99-99"
  },
  {
    "code": "+509",
    "country": "HT",
    "name": "Haiti",
    "mask": null
  },
  {
    "code": "+508",
    "country": "PM",
    "name": "Saint Pierre & Miquelon",
    "mask": null
  },
  {
    "code": "+507",
    "country": "PA",
    "name": "Panama",
    "mask": "9999-9999"
  },
  {
    "code": "+506",
    "country": "CR",
    "name": "Costa Rica",
    "mask": "9999-9999"
  },
  {
    "code": "+505",
    "country": "NI",
    "name": "Nicaragua",
    "mask": "9999-9999"
  },
  {
    "code": "+504",
    "country": "HN",
    "name": "Honduras",
    "mask": "9999-9999"
  },
  {
    "code": "+503",
    "country": "SV",
    "name": "El Salvador",
    "mask": "9999-9999"
  },
  {
    "code": "+502",
    "country": "GT",
    "name": "Guatemala",
    "mask": "9-999-9999"
  },
  {
    "code": "+501",
    "country": "BZ",
    "name": "Belize",
    "mask": null
  },
  {
    "code": "+500",
    "country": "FK",
    "name": "Falkland Islands",
    "mask": null
  },
  {
    "code": "+423",
    "country": "LI",
    "name": "Liechtenstein",
    "mask": null
  },
  {
    "code": "+421",
    "country": "SK",
    "name": "Slovakia",
    "mask": "999-999-999"
  },
  {
    "code": "+420",
    "country": "CZ",
    "name": "Czech Republic",
    "mask": "999-999-999"
  },
  {
    "code": "+389",
    "country": "MK",
    "name": "Macedonia",
    "mask": "99-999-999"
  },
  {
    "code": "+387",
    "country": "BA",
    "name": "Bosnia & Herzegovina",
    "mask": "99-999-999"
  },
  {
    "code": "+386",
    "country": "SI",
    "name": "Slovenia",
    "mask": "99-999-999"
  },
  {
    "code": "+385",
    "country": "HR",
    "name": "Croatia",
    "mask": null
  },
  {
    "code": "+382",
    "country": "ME",
    "name": "Montenegro",
    "mask": null
  },
  {
    "code": "+381",
    "country": "RS",
    "name": "Serbia",
    "mask": "99-999-9999"
  },
  {
    "code": "+380",
    "country": "UA",
    "name": "Ukraine",
    "mask": "99-999-99-99"
  },
  {
    "code": "+378",
    "country": "SM",
    "name": "San Marino",
    "mask": "999-999-9999"
  },
  {
    "code": "+377",
    "country": "MC",
    "name": "Monaco",
    "mask": "9999-9999"
  },
  {
    "code": "+376",
    "country": "AD",
    "name": "Andorra",
    "mask": "99-99-99"
  },
  {
    "code": "+375",
    "country": "BY",
    "name": "Belarus",
    "mask": "99-999-9999"
  },
  {
    "code": "+374",
    "country": "AM",
    "name": "Armenia",
    "mask": "99-999-999"
  },
  {
    "code": "+373",
    "country": "MD",
    "name": "Moldova",
    "mask": "99-999-999"
  },
  {
    "code": "+372",
    "country": "EE",
    "name": "Estonia",
    "mask": null
  },
  {
    "code": "+371",
    "country": "LV",
    "name": "Latvia",
    "mask": "999-99999"
  },
  {
    "code": "+370",
    "country": "LT",
    "name": "Lithuania",
    "mask": "999-99999"
  },
  {
    "code": "+359",
    "country": "BG",
    "name": "Bulgaria",
    "mask": null
  },
  {
    "code": "+358",
    "country": "FI",
    "name": "Finland",
    "mask": null
  },
  {
    "code": "+357",
    "country": "CY",
    "name": "Cyprus",
    "mask": "9999-9999"
  },
  {
    "code": "+356",
    "country": "MT",
    "name": "Malta",
    "mask": "99-99-99-99"
  },
  {
    "code": "+355",
    "country": "AL",
    "name": "Albania",
    "mask": "99-999-9999"
  },
  {
    "code": "+354",
    "country": "IS",
    "name": "Iceland",
    "mask": "999-9999"
  },
  {
    "code": "+353",
    "country": "IE",
    "name": "Ireland",
    "mask": "99-999-9999"
  },
  {
    "code": "+352",
    "country": "LU",
    "name": "Luxembourg",
    "mask": null
  },
  {
    "code": "+351",
    "country": "PT",
    "name": "Portugal",
    "mask": "9-9999-9999"
  },
  {
    "code": "+350",
    "country": "GI",
    "name": "Gibraltar",
    "mask": "9999-9999"
  },
  {
    "code": "+299",
    "country": "GL",
    "name": "Greenland",
    "mask": "999-999"
  },
  {
    "code": "+298",
    "country": "FO",
    "name": "Faroe Islands",
    "mask": "999-999"
  },
  {
    "code": "+297",
    "country": "AW",
    "name": "Aruba",
    "mask": "999-9999"
  },
  {
    "code": "+291",
    "country": "ER",
    "name": "Eritrea",
    "mask": "9-999-999"
  },
  {
    "code": "+290",
    "country": "SH",
    "name": "Saint Helena",
    "mask": "99-999"
  },
  {
    "code": "+269",
    "country": "KM",
    "name": "Comoros",
    "mask": "999-9999"
  },
  {
    "code": "+268",
    "country": "SZ",
    "name": "Swaziland",
    "mask": "9999-9999"
  },
  {
    "code": "+267",
    "country": "BW",
    "name": "Botswana",
    "mask": "99-999-999"
  },
  {
    "code": "+266",
    "country": "LS",
    "name": "Lesotho",
    "mask": "99-999-999"
  },
  {
    "code": "+265",
    "country": "MW",
    "name": "Malawi",
    "mask": "77-999-9999"
  },
  {
    "code": "+264",
    "country": "NA",
    "name": "Namibia",
    "mask": "99-999-9999"
  },
  {
    "code": "+263",
    "country": "ZW",
    "name": "Zimbabwe",
    "mask": "99-999-9999"
  },
  {
    "code": "+262",
    "country": "RE",
    "name": "Réunion",
    "mask": "999-999-999"
  },
  {
    "code": "+261",
    "country": "MG",
    "name": "Madagascar",
    "mask": "99-99-999-99"
  },
  {
    "code": "+260",
    "country": "ZM",
    "name": "Zambia",
    "mask": "99-999-9999"
  },
  {
    "code": "+258",
    "country": "MZ",
    "name": "Mozambique",
    "mask": "99-999-9999"
  },
  {
    "code": "+257",
    "country": "BI",
    "name": "Burundi",
    "mask": "99-99-9999"
  },
  {
    "code": "+256",
    "country": "UG",
    "name": "Uganda",
    "mask": "99-999-9999"
  },
  {
    "code": "+255",
    "country": "TZ",
    "name": "Tanzania",
    "mask": "99-999-9999"
  },
  {
    "code": "+254",
    "country": "KE",
    "name": "Kenya",
    "mask": "999-999-999"
  },
  {
    "code": "+253",
    "country": "DJ",
    "name": "Djibouti",
    "mask": "99-99-99-99"
  },
  {
    "code": "+252",
    "country": "SO",
    "name": "Somalia",
    "mask": "99-999-999"
  },
  {
    "code": "+251",
    "country": "ET",
    "name": "Ethiopia",
    "mask": "99-999-9999"
  },
  {
    "code": "+250",
    "country": "RW",
    "name": "Rwanda",
    "mask": "999-999-999"
  },
  {
    "code": "+249",
    "country": "SD",
    "name": "Sudan",
    "mask": "99-999-9999"
  },
  {
    "code": "+248",
    "country": "SC",
    "name": "Seychelles",
    "mask": "9-99-99-99"
  },
  {
    "code": "+247",
    "country": "SH",
    "name": "Saint Helena",
    "mask": "9999"
  },
  {
    "code": "+246",
    "country": "IO",
    "name": "Diego Garcia",
    "mask": "999-9999"
  },
  {
    "code": "+245",
    "country": "GW",
    "name": "Guinea-Bissau",
    "mask": "999-9999"
  },
  {
    "code": "+244",
    "country": "AO",
    "name": "Angola",
    "mask": "999-999-999"
  },
  {
    "code": "+243",
    "country": "CD",
    "name": "Congo (Dem. Rep.)",
    "mask": "99-999-9999"
  },
  {
    "code": "+242",
    "country": "CG",
    "name": "Congo (Rep.)",
    "mask": "99-999-9999"
  },
  {
    "code": "+241",
    "country": "GA",
    "name": "Gabon",
    "mask": "9-99-99-99"
  },
  {
    "code": "+240",
    "country": "GQ",
    "name": "Equatorial Guinea",
    "mask": "999-999-999"
  },
  {
    "code": "+239",
    "country": "ST",
    "name": "São Tomé & Príncipe",
    "mask": "99-99999"
  },
  {
    "code": "+238",
    "country": "CV",
    "name": "Cape Verde",
    "mask": "999-9999"
  },
  {
    "code": "+237",
    "country": "CM",
    "name": "Cameroon",
    "mask": "9999-9999"
  },
  {
    "code": "+236",
    "country": "CF",
    "name": "Central African Rep.",
    "mask": "99-99-99-99"
  },
  {
    "code": "+235",
    "country": "TD",
    "name": "Chad",
    "mask": "99-99-99-99"
  },
  {
    "code": "+234",
    "country": "NG",
    "name": "Nigeria",
    "mask": null
  },
  {
    "code": "+233",
    "country": "GH",
    "name": "Ghana",
    "mask": null
  },
  {
    "code": "+232",
    "country": "SL",
    "name": "Sierra Leone",
    "mask": "99-999-999"
  },
  {
    "code": "+231",
    "country": "LR",
    "name": "Liberia",
    "mask": null
  },
  {
    "code": "+230",
    "country": "MU",
    "name": "Mauritius",
    "mask": null
  },
  {
    "code": "+229",
    "country": "BJ",
    "name": "Benin",
    "mask": "99-999-999"
  },
  {
    "code": "+228",
    "country": "TG",
    "name": "Togo",
    "mask": "99-999-999"
  },
  {
    "code": "+227",
    "country": "NE",
    "name": "Niger",
    "mask": "99-99-99-99"
  },
  {
    "code": "+226",
    "country": "BF",
    "name": "Burkina Faso",
    "mask": "99-99-99-99"
  },
  {
    "code": "+225",
    "country": "CI",
    "name": "Côte d`Ivoire",
    "mask": "99-999-999"
  },
  {
    "code": "+224",
    "country": "GN",
    "name": "Guinea",
    "mask": "999-999-999"
  },
  {
    "code": "+223",
    "country": "ML",
    "name": "Mali",
    "mask": "9999-9999"
  },
  {
    "code": "+222",
    "country": "MR",
    "name": "Mauritania",
    "mask": "9999-9999"
  },
  {
    "code": "+221",
    "country": "SN",
    "name": "Senegal",
    "mask": "99-999-9999"
  },
  {
    "code": "+220",
    "country": "GM",
    "name": "Gambia",
    "mask": "999-9999"
  },
  {
    "code": "+218",
    "country": "LY",
    "name": "Libya",
    "mask": "99-999-9999"
  },
  {
    "code": "+216",
    "country": "TN",
    "name": "Tunisia",
    "mask": "99-999-999"
  },
  {
    "code": "+213",
    "country": "DZ",
    "name": "Algeria",
    "mask": "999-99-99-99"
  },
  {
    "code": "+212",
    "country": "MA",
    "name": "Morocco",
    "mask": "99-999-9999"
  },
  {
    "code": "+211",
    "country": "SS",
    "name": "South Sudan",
    "mask": "99-999-9999"
  },
  {
    "code": "+98",
    "country": "IR",
    "name": "Iran",
    "mask": "999-999-9999"
  },
  {
    "code": "+95",
    "country": "MM",
    "name": "Myanmar",
    "mask": null
  },
  {
    "code": "+94",
    "country": "LK",
    "name": "Sri Lanka",
    "mask": "99-999-9999"
  },
  {
    "code": "+93",
    "country": "AF",
    "name": "Afghanistan",
    "mask": "999-999-999"
  },
  {
    "code": "+92",
    "country": "PK",
    "name": "Pakistan",
    "mask": "999-999-9999"
  },
  {
    "code": "+91",
    "country": "IN",
    "name": "India",
    "mask": "99999-99999"
  },
  {
    "code": "+90",
    "country": "TR",
    "name": "Turkey",
    "mask": "999-999-9999"
  },
  {
    "code": "+86",
    "country": "CN",
    "name": "China",
    "mask": "999-9999-9999"
  },
  {
    "code": "+84",
    "country": "VN",
    "name": "Vietnam",
    "mask": null
  },
  {
    "code": "+82",
    "country": "KR",
    "name": "South Korea",
    "mask": null
  },
  {
    "code": "+81",
    "country": "JP",
    "name": "Japan",
    "mask": "99-9999-9999"
  },
  {
    "code": "+66",
    "country": "TH",
    "name": "Thailand",
    "mask": "9-9999-9999"
  },
  {
    "code": "+65",
    "country": "SG",
    "name": "Singapore",
    "mask": "9999-9999"
  },
  {
    "code": "+64",
    "country": "NZ",
    "name": "New Zealand",
    "mask": null
  },
  {
    "code": "+63",
    "country": "PH",
    "name": "Philippines",
    "mask": "999-999-9999"
  },
  {
    "code": "+62",
    "country": "ID",
    "name": "Indonesia",
    "mask": null
  },
  {
    "code": "+61",
    "country": "AU",
    "name": "Australia",
    "mask": "999-999-999"
  },
  {
    "code": "+60",
    "country": "MY",
    "name": "Malaysia",
    "mask": null
  },
  {
    "code": "+58",
    "country": "VE",
    "name": "Venezuela",
    "mask": "999-999-9999"
  },
  {
    "code": "+57",
    "country": "CO",
    "name": "Colombia",
    "mask": "999-999-9999"
  },
  {
    "code": "+56",
    "country": "CL",
    "name": "Chile",
    "mask": "9-9999-9999"
  },
  {
    "code": "+55",
    "country": "BR",
    "name": "Brazil",
    "mask": "99-99999-9999"
  },
  {
    "code": "+54",
    "country": "AR",
    "name": "Argentina",
    "mask": null
  },
  {
    "code": "+53",
    "country": "CU",
    "name": "Cuba",
    "mask": "9999-9999"
  },
  {
    "code": "+52",
    "country": "MX",
    "name": "Mexico",
    "mask": null
  },
  {
    "code": "+51",
    "country": "PE",
    "name": "Peru",
    "mask": "999-999-999"
  },
  {
    "code": "+49",
    "country": "DE",
    "name": "Germany",
    "mask": null
  },
  {
    "code": "+48",
    "country": "PL",
    "name": "Poland",
    "mask": "99-999-9999"
  },
  {
    "code": "+47",
    "country": "NO",
    "name": "Norway",
    "mask": "9999-9999"
  },
  {
    "code": "+46",
    "country": "SE",
    "name": "Sweden",
    "mask": "99-999-9999"
  },
  {
    "code": "+45",
    "country": "DK",
    "name": "Denmark",
    "mask": "9999-9999"
  },
  {
    "code": "+44",
    "country": "GB",
    "name": "United Kingdom",
    "mask": "9999-999999"
  },
  {
    "code": "+43",
    "country": "AT",
    "name": "Austria",
    "mask": null
  },
  {
    "code": "+42",
    "country": "YL",
    "name": "Y-land",
    "mask": null
  },
  {
    "code": "+41",
    "country": "CH",
    "name": "Switzerland",
    "mask": "99-999-9999"
  },
  {
    "code": "+40",
    "country": "RO",
    "name": "Romania",
    "mask": "999-999-999"
  },
  {
    "code": "+39",
    "country": "IT",
    "name": "Italy",
    "mask": null
  },
  {
    "code": "+36",
    "country": "HU",
    "name": "Hungary",
    "mask": "999-999-999"
  },
  {
    "code": "+34",
    "country": "ES",
    "name": "Spain",
    "mask": "999-999-999"
  },
  {
    "code": "+33",
    "country": "FR",
    "name": "France",
    "mask": "9-99-99-99-99"
  },
  {
    "code": "+32",
    "country": "BE",
    "name": "Belgium",
    "mask": "999-99-99-99"
  },
  {
    "code": "+31",
    "country": "NL",
    "name": "Netherlands",
    "mask": "9-99-99-99-99"
  },
  {
    "code": "+30",
    "country": "GR",
    "name": "Greece",
    "mask": "999-999-9999"
  },
  {
    "code": "+27",
    "country": "ZA",
    "name": "South Africa",
    "mask": "99-999-9999"
  },
  {
    "code": "+20",
    "country": "EG",
    "name": "Egypt",
    "mask": "99-9999-9999"
  },
  {
    "code": "+7",
    "country": "RU",
    "name": "Russian Federation",
    "mask": "999-999-9999"
  },
  {
    "code": "+7",
    "country": "KZ",
    "name": "Kazakhstan",
    "mask": "999-999-99-99"
  },
  {
    "code": "+1",
    "country": "US",
    "name": "USA",
    "mask": "999-999-9999"
  },
  {
    "code": "+1",
    "country": "PR",
    "name": "Puerto Rico",
    "mask": "999-999-9999"
  },
  {
    "code": "+1",
    "country": "DO",
    "name": "Dominican Rep.",
    "mask": "999-999-9999"
  },
  {
    "code": "+1",
    "country": "CA",
    "name": "Canada",
    "mask": "999-999-9999"
  }
]